[
  {
    "id": 1,
    "customerName": "Gilburt Bonelle",
    "transactionDate": "07-04-2023",
    "transactionId": "6PJ3HR0FQ35",
    "transactionValue": "$91.57"
  },
  {
    "id": 2,
    "customerName": "Brody Aiston",
    "transactionDate": "18-11-2023",
    "transactionId": "1R44XW9MV89",
    "transactionValue": "$114.79"
  },
  {
    "id": 3,
    "customerName": "Gerhardt Boyle",
    "transactionDate": "10-06-2023",
    "transactionId": "9XR8HW2QM58",
    "transactionValue": "$123.36"
  },
  {
    "id": 4,
    "customerName": "Patty Sabati",
    "transactionDate": "16-02-2023",
    "transactionId": "7V16UU8TY02",
    "transactionValue": "$112.63"
  },
  {
    "id": 5,
    "customerName": "Tommie Sabin",
    "transactionDate": "13-01-2024",
    "transactionId": "5WH5XY4FH46",
    "transactionValue": "$17.13"
  },
  {
    "id": 6,
    "customerName": "Frasco Figgures",
    "transactionDate": "23-09-2023",
    "transactionId": "4HR6VT2HM51",
    "transactionValue": "$141.96"
  },
  {
    "id": 7,
    "customerName": "Karleen Clawe",
    "transactionDate": "08-05-2023",
    "transactionId": "2AN3K97JQ95",
    "transactionValue": "$123.09"
  },
  {
    "id": 8,
    "customerName": "Em Matchell",
    "transactionDate": "04-07-2023",
    "transactionId": "9CK5W98JU96",
    "transactionValue": "$37.19"
  },
  {
    "id": 9,
    "customerName": "Gilburt Bonelle",
    "transactionDate": "12-05-2023",
    "transactionId": "1WJ1HG5TK20",
    "transactionValue": "$48.74"
  },
  {
    "id": 10,
    "customerName": "Elwira Birnie",
    "transactionDate": "19-06-2023",
    "transactionId": "3UP4AD8AW27",
    "transactionValue": "$123.48"
  },
  {
    "id": 11,
    "customerName": "Vanya Jenks",
    "transactionDate": "31-10-2023",
    "transactionId": "1C05D95HC47",
    "transactionValue": "$115.16"
  },
  {
    "id": 12,
    "customerName": "Shaughn Bluschke",
    "transactionDate": "03-01-2024",
    "transactionId": "3ET5DV9XJ09",
    "transactionValue": "$34.86"
  },
  {
    "id": 13,
    "customerName": "Lydia Chismon",
    "transactionDate": "22-08-2023",
    "transactionId": "3RW7HX3GC65",
    "transactionValue": "$113.94"
  },
  {
    "id": 14,
    "customerName": "Gilburt Bonelle",
    "transactionDate": "07-09-2023",
    "transactionId": "2V54C35HW82",
    "transactionValue": "$32.08"
  },
  {
    "id": 15,
    "customerName": "Ree Fryd",
    "transactionDate": "20-05-2023",
    "transactionId": "5WJ9TE8KR47",
    "transactionValue": "$135.39"
  },
  {
    "id": 16,
    "customerName": "Gilburt Bonelle",
    "transactionDate": "18-03-2023",
    "transactionId": "2U06WA3RA21",
    "transactionValue": "$16.09"
  },
  {
    "id": 17,
    "customerName": "Toma Penk",
    "transactionDate": "26-06-2023",
    "transactionId": "8AQ6VP0UP02",
    "transactionValue": "$138.79"
  },
  {
    "id": 18,
    "customerName": "Care Dalman",
    "transactionDate": "25-06-2023",
    "transactionId": "2XU6GG2VP89",
    "transactionValue": "$75.38"
  },
  {
    "id": 19,
    "customerName": "Gilburt Bonelle",
    "transactionDate": "26-03-2023",
    "transactionId": "7DM1GH7FE99",
    "transactionValue": "$50.09"
  },
  {
    "id": 20,
    "customerName": "Keir Pirazzi",
    "transactionDate": "01-08-2023",
    "transactionId": "4YY4HQ2EQ12",
    "transactionValue": "$48.12"
  },
  {
    "id": 21,
    "customerName": "Lydia Chismon",
    "transactionDate": "01-01-2024",
    "transactionId": "7KD6RP7QM57",
    "transactionValue": "$44.79"
  },
  {
    "id": 22,
    "customerName": "Layne Bossom",
    "transactionDate": "16-06-2023",
    "transactionId": "1G16PU2JQ44",
    "transactionValue": "$47.45"
  },
  {
    "id": 23,
    "customerName": "Clint Iacomo",
    "transactionDate": "21-03-2023",
    "transactionId": "8A09FM8WP37",
    "transactionValue": "$120.20"
  },
  {
    "id": 24,
    "customerName": "Mead Syder",
    "transactionDate": "17-01-2024",
    "transactionId": "6XY9G92GP12",
    "transactionValue": "$53.67"
  },
  {
    "id": 25,
    "customerName": "Gilburt Bonelle",
    "transactionDate": "22-06-2023",
    "transactionId": "2MR9HK5KE02",
    "transactionValue": "$69.35"
  },
  {
    "id": 26,
    "customerName": "Mikol Zack",
    "transactionDate": "02-05-2023",
    "transactionId": "9RX2G26AE23",
    "transactionValue": "$122.24"
  },
  {
    "id": 27,
    "customerName": "Jereme Metheringham",
    "transactionDate": "15-09-2023",
    "transactionId": "7MT7Y40KV41",
    "transactionValue": "$5.18"
  },
  {
    "id": 28,
    "customerName": "Gilburt Bonelle",
    "transactionDate": "14-10-2023",
    "transactionId": "2RX8NU4GF76",
    "transactionValue": "$6.69"
  },
  {
    "id": 29,
    "customerName": "Gilburt Bonelle",
    "transactionDate": "24-04-2023",
    "transactionId": "7XP5ED3PN73",
    "transactionValue": "$61.92"
  },
  {
    "id": 30,
    "customerName": "Forrest Tesauro",
    "transactionDate": "25-09-2023",
    "transactionId": "8XR1PE0PV16",
    "transactionValue": "$147.99"
  },
  {
    "id": 31,
    "customerName": "Lydia Chismon",
    "transactionDate": "13-08-2023",
    "transactionId": "9UN0XV9YX45",
    "transactionValue": "$130.19"
  },
  {
    "id": 32,
    "customerName": "Scarlet Lade",
    "transactionDate": "26-11-2023",
    "transactionId": "4D55C94HN12",
    "transactionValue": "$86.14"
  },
  {
    "id": 33,
    "customerName": "Tyson Meriel",
    "transactionDate": "17-08-2023",
    "transactionId": "5GH4NK9XF62",
    "transactionValue": "$111.20"
  },
  {
    "id": 34,
    "customerName": "Gilburt Bonelle",
    "transactionDate": "15-10-2023",
    "transactionId": "8V90Q84QR95",
    "transactionValue": "$15.82"
  },
  {
    "id": 35,
    "customerName": "Gae Fudge",
    "transactionDate": "07-08-2023",
    "transactionId": "1C85UQ2PJ02",
    "transactionValue": "$55.82"
  },
  {
    "id": 36,
    "customerName": "Noak Readman",
    "transactionDate": "18-11-2023",
    "transactionId": "5PF6RW2PC39",
    "transactionValue": "$116.75"
  },
  {
    "id": 37,
    "customerName": "Petrina Tyres",
    "transactionDate": "18-08-2023",
    "transactionId": "3R07QE2RW83",
    "transactionValue": "$111.09"
  },
  {
    "id": 38,
    "customerName": "Gilburt Bonelle",
    "transactionDate": "11-01-2024",
    "transactionId": "8J65RT9VW09",
    "transactionValue": "$122.76"
  },
  {
    "id": 39,
    "customerName": "Hewett Emerton",
    "transactionDate": "09-12-2023",
    "transactionId": "6WF8T50AX78",
    "transactionValue": "$46.21"
  },
  {
    "id": 40,
    "customerName": "Lydia Chismon",
    "transactionDate": "20-08-2023",
    "transactionId": "7R49UW7UR18",
    "transactionValue": "$114.66"
  },
  {
    "id": 41,
    "customerName": "Camellia Guterson",
    "transactionDate": "28-02-2023",
    "transactionId": "6AQ2F31XA70",
    "transactionValue": "$115.13"
  },
  {
    "id": 42,
    "customerName": "Luca Lennox",
    "transactionDate": "13-09-2023",
    "transactionId": "5GN6JX7UG02",
    "transactionValue": "$15.59"
  },
  {
    "id": 43,
    "customerName": "Ced Pedracci",
    "transactionDate": "30-12-2023",
    "transactionId": "6M78NV5HG10",
    "transactionValue": "$107.68"
  },
  {
    "id": 44,
    "customerName": "Dixie Dibson",
    "transactionDate": "19-11-2023",
    "transactionId": "1Y84WT2QH00",
    "transactionValue": "$22.29"
  },
  {
    "id": 45,
    "customerName": "Kial Josilowski",
    "transactionDate": "28-10-2023",
    "transactionId": "4UT7M23RX78",
    "transactionValue": "$125.04"
  },
  {
    "id": 46,
    "customerName": "Doe Alfuso",
    "transactionDate": "15-06-2023",
    "transactionId": "5C19F91RK90",
    "transactionValue": "$15.15"
  },
  {
    "id": 47,
    "customerName": "Casey Dockwra",
    "transactionDate": "20-09-2023",
    "transactionId": "3K45KK1DW20",
    "transactionValue": "$73.40"
  },
  {
    "id": 48,
    "customerName": "Lydia Chismon",
    "transactionDate": "23-01-2024",
    "transactionId": "2NU1XT7AE08",
    "transactionValue": "$38.07"
  },
  {
    "id": 49,
    "customerName": "Tallie Sein",
    "transactionDate": "07-12-2023",
    "transactionId": "7K60J64GD11",
    "transactionValue": "$133.90"
  },
  {
    "id": 50,
    "customerName": "Norton Alliston",
    "transactionDate": "03-10-2023",
    "transactionId": "8G82E66JR56",
    "transactionValue": "$79.82"
  },
  {
    "id": 51,
    "customerName": "Pamella McNeice",
    "transactionDate": "09-06-2023",
    "transactionId": "3EY8EC2YJ44",
    "transactionValue": "$19.73"
  },
  {
    "id": 52,
    "customerName": "Lydia Chismon",
    "transactionDate": "16-08-2023",
    "transactionId": "9Q94V33CN82",
    "transactionValue": "$131.66"
  },
  {
    "id": 53,
    "customerName": "Lezley Gepp",
    "transactionDate": "17-10-2023",
    "transactionId": "9VV1TM4AQ83",
    "transactionValue": "$141.88"
  },
  {
    "id": 54,
    "customerName": "Lesley Feavyour",
    "transactionDate": "16-04-2023",
    "transactionId": "5VX2PA4MD75",
    "transactionValue": "$127.11"
  },
  {
    "id": 55,
    "customerName": "Mari Wasbey",
    "transactionDate": "22-08-2023",
    "transactionId": "3X25F01PR77",
    "transactionValue": "$147.16"
  },
  {
    "id": 56,
    "customerName": "Keefe Stede",
    "transactionDate": "30-05-2023",
    "transactionId": "7E30XA5AM38",
    "transactionValue": "$82.08"
  },
  {
    "id": 57,
    "customerName": "Dalenna Rikkard",
    "transactionDate": "14-11-2023",
    "transactionId": "6M49QC9EX33",
    "transactionValue": "$132.67"
  },
  {
    "id": 58,
    "customerName": "Rey Hessle",
    "transactionDate": "11-11-2023",
    "transactionId": "2F18C12CM01",
    "transactionValue": "$75.04"
  },
  {
    "id": 59,
    "customerName": "Karee Elis",
    "transactionDate": "13-12-2023",
    "transactionId": "6NN8TA4DQ67",
    "transactionValue": "$20.38"
  },
  {
    "id": 60,
    "customerName": "Lydia Chismon",
    "transactionDate": "06-08-2023",
    "transactionId": "3WP5AC3MX70",
    "transactionValue": "$133.96"
  },
  {
    "id": 61,
    "customerName": "Germayne Shalcros",
    "transactionDate": "15-08-2023",
    "transactionId": "1CT3MQ2MR09",
    "transactionValue": "$110.61"
  },
  {
    "id": 62,
    "customerName": "Estevan Simpole",
    "transactionDate": "07-10-2023",
    "transactionId": "4EK8KG0KW56",
    "transactionValue": "$77.15"
  },
  {
    "id": 63,
    "customerName": "Ginevra Skitterel",
    "transactionDate": "17-08-2023",
    "transactionId": "3KM0UQ2PU57",
    "transactionValue": "$37.07"
  },
  {
    "id": 64,
    "customerName": "Brendis Blagden",
    "transactionDate": "25-08-2023",
    "transactionId": "4VJ9VK2AF61",
    "transactionValue": "$64.54"
  },
  {
    "id": 65,
    "customerName": "Gretta Saunders",
    "transactionDate": "22-01-2024",
    "transactionId": "3RW4TJ7CD13",
    "transactionValue": "$55.14"
  },
  {
    "id": 66,
    "customerName": "Tabbitha Feechum",
    "transactionDate": "04-06-2023",
    "transactionId": "1MQ6U69VG33",
    "transactionValue": "$124.44"
  },
  {
    "id": 67,
    "customerName": "Carmita Volant",
    "transactionDate": "03-08-2023",
    "transactionId": "5UD1WF3CA91",
    "transactionValue": "$73.85"
  },
  {
    "id": 68,
    "customerName": "Keefer Shawyer",
    "transactionDate": "02-07-2023",
    "transactionId": "9FC8P03TG90",
    "transactionValue": "$2.26"
  },
  {
    "id": 69,
    "customerName": "Farlie Bwy",
    "transactionDate": "21-05-2023",
    "transactionId": "8E30WP9MW80",
    "transactionValue": "$100.08"
  },
  {
    "id": 70,
    "customerName": "Keriann Plowell",
    "transactionDate": "10-06-2023",
    "transactionId": "1UK1RA5NP15",
    "transactionValue": "$35.69"
  },
  {
    "id": 71,
    "customerName": "Rozalie Brounfield",
    "transactionDate": "22-01-2024",
    "transactionId": "4N41RV5CA09",
    "transactionValue": "$68.52"
  },
  {
    "id": 72,
    "customerName": "Thom Curragh",
    "transactionDate": "12-10-2023",
    "transactionId": "7QT5Y87KG14",
    "transactionValue": "$148.22"
  },
  {
    "id": 73,
    "customerName": "Jackquelin Perutto",
    "transactionDate": "28-06-2023",
    "transactionId": "8PE9PH5RX74",
    "transactionValue": "$73.71"
  },
  {
    "id": 74,
    "customerName": "Roseline Sainsbury-Brown",
    "transactionDate": "21-01-2024",
    "transactionId": "6RQ1MM1FQ53",
    "transactionValue": "$12.31"
  },
  {
    "id": 75,
    "customerName": "Adaline Puckinghorne",
    "transactionDate": "16-12-2023",
    "transactionId": "3NG9NN4MX15",
    "transactionValue": "$142.27"
  },
  {
    "id": 76,
    "customerName": "Tremain Carrivick",
    "transactionDate": "09-01-2024",
    "transactionId": "8UW0YM9HN83",
    "transactionValue": "$94.69"
  },
  {
    "id": 77,
    "customerName": "Almire Aldwick",
    "transactionDate": "16-07-2023",
    "transactionId": "9HY9YA9GA34",
    "transactionValue": "$136.73"
  },
  {
    "id": 78,
    "customerName": "Sallie Camelia",
    "transactionDate": "07-05-2023",
    "transactionId": "3XM6UK8ET19",
    "transactionValue": "$3.22"
  },
  {
    "id": 79,
    "customerName": "Ettore Graffin",
    "transactionDate": "22-12-2023",
    "transactionId": "9F99W27YU40",
    "transactionValue": "$48.03"
  },
  {
    "id": 80,
    "customerName": "Taryn Bradden",
    "transactionDate": "22-12-2023",
    "transactionId": "9QK9W87KE08",
    "transactionValue": "$127.96"
  },
  {
    "id": 81,
    "customerName": "Carlyn Dennick",
    "transactionDate": "02-02-2023",
    "transactionId": "8WR5RP8ND71",
    "transactionValue": "$56.16"
  },
  {
    "id": 82,
    "customerName": "Alric Pennetti",
    "transactionDate": "13-03-2023",
    "transactionId": "2J00JD4VG14",
    "transactionValue": "$27.37"
  },
  {
    "id": 83,
    "customerName": "Stace Oldfield-Cherry",
    "transactionDate": "27-01-2024",
    "transactionId": "7VT8WQ6JU68",
    "transactionValue": "$69.56"
  },
  {
    "id": 84,
    "customerName": "Rafaelia Rebbeck",
    "transactionDate": "09-08-2023",
    "transactionId": "3J46PJ5YH49",
    "transactionValue": "$36.17"
  },
  {
    "id": 85,
    "customerName": "Muriel Boarer",
    "transactionDate": "26-06-2023",
    "transactionId": "8EQ9FA3VV75",
    "transactionValue": "$95.92"
  },
  {
    "id": 86,
    "customerName": "Mychal Starte",
    "transactionDate": "24-10-2023",
    "transactionId": "3UF9W90WR48",
    "transactionValue": "$30.16"
  },
  {
    "id": 87,
    "customerName": "Simona Barley",
    "transactionDate": "06-12-2023",
    "transactionId": "7DJ3H29TY18",
    "transactionValue": "$90.41"
  },
  {
    "id": 88,
    "customerName": "Melinda Luther",
    "transactionDate": "14-01-2024",
    "transactionId": "7WR6JK0YN02",
    "transactionValue": "$118.08"
  },
  {
    "id": 89,
    "customerName": "Genni Olennikov",
    "transactionDate": "17-02-2023",
    "transactionId": "1JJ2WC5VA99",
    "transactionValue": "$40.97"
  },
  {
    "id": 90,
    "customerName": "Hammad Harriagn",
    "transactionDate": "05-01-2024",
    "transactionId": "2YE4YQ5GM79",
    "transactionValue": "$5.21"
  },
  {
    "id": 91,
    "customerName": "Betsy Paradis",
    "transactionDate": "06-06-2023",
    "transactionId": "9X49GK2UN67",
    "transactionValue": "$40.09"
  },
  {
    "id": 92,
    "customerName": "Clark Francillo",
    "transactionDate": "25-07-2023",
    "transactionId": "8AF5K77DK73",
    "transactionValue": "$8.47"
  },
  {
    "id": 93,
    "customerName": "Alexandrina Deakes",
    "transactionDate": "15-10-2023",
    "transactionId": "3DT7KQ4HW34",
    "transactionValue": "$2.93"
  },
  {
    "id": 94,
    "customerName": "Lydia Chismon",
    "transactionDate": "21-03-2023",
    "transactionId": "3HN5NF0WA75",
    "transactionValue": "$42.31"
  },
  {
    "id": 95,
    "customerName": "Modesty Cullotey",
    "transactionDate": "03-08-2023",
    "transactionId": "7VP4VJ2WQ14",
    "transactionValue": "$35.25"
  },
  {
    "id": 96,
    "customerName": "Bradney Reck",
    "transactionDate": "19-09-2023",
    "transactionId": "2RC9D32VP74",
    "transactionValue": "$79.38"
  },
  {
    "id": 97,
    "customerName": "Nathalie Sygroves",
    "transactionDate": "08-09-2023",
    "transactionId": "5CD5MJ9EG14",
    "transactionValue": "$67.82"
  },
  {
    "id": 98,
    "customerName": "Huntington Worsnup",
    "transactionDate": "31-10-2023",
    "transactionId": "9CK1V92TW68",
    "transactionValue": "$82.14"
  },
  {
    "id": 99,
    "customerName": "Abby Diehn",
    "transactionDate": "25-07-2023",
    "transactionId": "7PM1VV3QA83",
    "transactionValue": "$113.50"
  },
  {
    "id": 100,
    "customerName": "Donia De la Zenne",
    "transactionDate": "16-04-2023",
    "transactionId": "3U81DY1WK58",
    "transactionValue": "$69.17"
  },
  {
    "id": 101,
    "customerName": "Garey Trevaskus",
    "transactionDate": "26-01-2024",
    "transactionId": "2R14UJ0RJ52",
    "transactionValue": "$110.69"
  },
  {
    "id": 102,
    "customerName": "Germayne Hale",
    "transactionDate": "02-10-2023",
    "transactionId": "1Y72JC1DM68",
    "transactionValue": "$84.37"
  },
  {
    "id": 103,
    "customerName": "Daryle Butten",
    "transactionDate": "06-06-2023",
    "transactionId": "8M22TC8NC18",
    "transactionValue": "$129.12"
  },
  {
    "id": 104,
    "customerName": "Nathalia Stenton",
    "transactionDate": "10-11-2023",
    "transactionId": "8C05UP4TG02",
    "transactionValue": "$16.98"
  },
  {
    "id": 105,
    "customerName": "Etheline Pressnell",
    "transactionDate": "03-06-2023",
    "transactionId": "3HC7UW1CW29",
    "transactionValue": "$143.23"
  },
  {
    "id": 106,
    "customerName": "Dukie Lomis",
    "transactionDate": "30-05-2023",
    "transactionId": "9HN4KK0CT95",
    "transactionValue": "$129.05"
  },
  {
    "id": 107,
    "customerName": "Rafferty Nears",
    "transactionDate": "08-05-2023",
    "transactionId": "1C37PC5RA92",
    "transactionValue": "$130.53"
  },
  {
    "id": 108,
    "customerName": "Kare Heath",
    "transactionDate": "16-09-2023",
    "transactionId": "4HX2X91UN98",
    "transactionValue": "$132.61"
  },
  {
    "id": 109,
    "customerName": "Coleman Fargher",
    "transactionDate": "15-09-2023",
    "transactionId": "5V31KV5GY47",
    "transactionValue": "$135.51"
  },
  {
    "id": 110,
    "customerName": "Billy Fendley",
    "transactionDate": "01-05-2023",
    "transactionId": "6V50W94GC58",
    "transactionValue": "$137.31"
  },
  {
    "id": 111,
    "customerName": "Elisha Laguerre",
    "transactionDate": "09-03-2023",
    "transactionId": "6KN4G02CR01",
    "transactionValue": "$100.06"
  },
  {
    "id": 112,
    "customerName": "Robbie Pereira",
    "transactionDate": "18-12-2023",
    "transactionId": "1X11FN6MK94",
    "transactionValue": "$11.95"
  },
  {
    "id": 113,
    "customerName": "Madlin Cluff",
    "transactionDate": "04-02-2023",
    "transactionId": "3V24CN2CF66",
    "transactionValue": "$126.33"
  },
  {
    "id": 114,
    "customerName": "Dyan Dmitrienko",
    "transactionDate": "22-08-2023",
    "transactionId": "6K99HW8WY13",
    "transactionValue": "$74.48"
  },
  {
    "id": 115,
    "customerName": "Caye Torbett",
    "transactionDate": "29-03-2023",
    "transactionId": "6CM9J21GP71",
    "transactionValue": "$54.19"
  },
  {
    "id": 116,
    "customerName": "Nicky Balthasar",
    "transactionDate": "14-02-2023",
    "transactionId": "6QH0A75HG33",
    "transactionValue": "$60.68"
  },
  {
    "id": 117,
    "customerName": "Del Hitter",
    "transactionDate": "26-04-2023",
    "transactionId": "6K42U41PG59",
    "transactionValue": "$82.81"
  },
  {
    "id": 118,
    "customerName": "Omero Authers",
    "transactionDate": "05-09-2023",
    "transactionId": "6N75N64NA57",
    "transactionValue": "$90.15"
  },
  {
    "id": 119,
    "customerName": "Elita Bellwood",
    "transactionDate": "26-03-2023",
    "transactionId": "2UP6QU7ND77",
    "transactionValue": "$102.12"
  },
  {
    "id": 120,
    "customerName": "Toinette Dysert",
    "transactionDate": "06-07-2023",
    "transactionId": "6U96EP1DU54",
    "transactionValue": "$69.73"
  },
  {
    "id": 121,
    "customerName": "Benjy Huckin",
    "transactionDate": "15-09-2023",
    "transactionId": "7A89WE8TH58",
    "transactionValue": "$142.23"
  },
  {
    "id": 122,
    "customerName": "Appolonia Sedge",
    "transactionDate": "07-07-2023",
    "transactionId": "7P02GU0PT62",
    "transactionValue": "$15.93"
  },
  {
    "id": 123,
    "customerName": "Vasily McSaul",
    "transactionDate": "09-08-2023",
    "transactionId": "8WH4U32UQ68",
    "transactionValue": "$83.81"
  },
  {
    "id": 124,
    "customerName": "Wren Studman",
    "transactionDate": "11-10-2023",
    "transactionId": "5DU0WM7GM45",
    "transactionValue": "$106.94"
  },
  {
    "id": 125,
    "customerName": "Ferdinande Sueter",
    "transactionDate": "24-06-2023",
    "transactionId": "5JK4TQ4CK50",
    "transactionValue": "$116.73"
  },
  {
    "id": 126,
    "customerName": "Emilia Guppy",
    "transactionDate": "26-04-2023",
    "transactionId": "5NF5QU0PF34",
    "transactionValue": "$71.96"
  },
  {
    "id": 127,
    "customerName": "Rosie Izhaky",
    "transactionDate": "03-03-2023",
    "transactionId": "9PH1JP4KK54",
    "transactionValue": "$69.67"
  },
  {
    "id": 128,
    "customerName": "Penny Luberto",
    "transactionDate": "26-08-2023",
    "transactionId": "3AR9NH1KN49",
    "transactionValue": "$147.73"
  },
  {
    "id": 129,
    "customerName": "Gizela Cowper",
    "transactionDate": "16-07-2023",
    "transactionId": "7W84P90VX05",
    "transactionValue": "$83.09"
  },
  {
    "id": 130,
    "customerName": "Tedra McCaughen",
    "transactionDate": "19-02-2023",
    "transactionId": "9M57WK0GC30",
    "transactionValue": "$72.70"
  },
  {
    "id": 131,
    "customerName": "Antonetta Cappel",
    "transactionDate": "03-06-2023",
    "transactionId": "3XR6MW2FA01",
    "transactionValue": "$34.08"
  },
  {
    "id": 132,
    "customerName": "Griffie Cosans",
    "transactionDate": "04-12-2023",
    "transactionId": "8WK1CD1YY35",
    "transactionValue": "$7.24"
  },
  {
    "id": 133,
    "customerName": "Ruthanne Whyley",
    "transactionDate": "08-03-2023",
    "transactionId": "1DY2DV0CX28",
    "transactionValue": "$25.55"
  },
  {
    "id": 134,
    "customerName": "Rafferty Liptrot",
    "transactionDate": "28-09-2023",
    "transactionId": "1CT9AF0PY81",
    "transactionValue": "$110.80"
  },
  {
    "id": 135,
    "customerName": "Richie Antonutti",
    "transactionDate": "15-02-2023",
    "transactionId": "3PR3XD7FT30",
    "transactionValue": "$3.30"
  },
  {
    "id": 136,
    "customerName": "Kerry Jeffress",
    "transactionDate": "18-03-2023",
    "transactionId": "2WN9J10KP00",
    "transactionValue": "$130.54"
  },
  {
    "id": 137,
    "customerName": "Jaclyn Poile",
    "transactionDate": "26-10-2023",
    "transactionId": "9G09X66CR54",
    "transactionValue": "$43.54"
  },
  {
    "id": 138,
    "customerName": "Josias Tonkin",
    "transactionDate": "14-04-2023",
    "transactionId": "1YX2K43HJ59",
    "transactionValue": "$123.67"
  },
  {
    "id": 139,
    "customerName": "Max Hryncewicz",
    "transactionDate": "21-12-2023",
    "transactionId": "4Y25U98TG91",
    "transactionValue": "$2.08"
  },
  {
    "id": 140,
    "customerName": "Melinde Spurritt",
    "transactionDate": "23-01-2024",
    "transactionId": "5FP9GY2AQ55",
    "transactionValue": "$54.09"
  },
  {
    "id": 141,
    "customerName": "Alvera Bottjer",
    "transactionDate": "31-12-2023",
    "transactionId": "4KP9UN9GQ24",
    "transactionValue": "$82.92"
  },
  {
    "id": 142,
    "customerName": "Aristotle Ringrose",
    "transactionDate": "01-07-2023",
    "transactionId": "4A47UT4TC14",
    "transactionValue": "$11.55"
  },
  {
    "id": 143,
    "customerName": "Pearl Van de Velde",
    "transactionDate": "11-07-2023",
    "transactionId": "7MC5DK1QQ60",
    "transactionValue": "$29.80"
  },
  {
    "id": 144,
    "customerName": "Desi Larkings",
    "transactionDate": "28-09-2023",
    "transactionId": "7GU1T59GX79",
    "transactionValue": "$46.66"
  },
  {
    "id": 145,
    "customerName": "Nathan Trenoweth",
    "transactionDate": "08-03-2023",
    "transactionId": "1J76C63KR85",
    "transactionValue": "$59.92"
  },
  {
    "id": 146,
    "customerName": "Burton Dunster",
    "transactionDate": "02-06-2023",
    "transactionId": "6VU9R66HN36",
    "transactionValue": "$40.56"
  },
  {
    "id": 147,
    "customerName": "Hughie Malthus",
    "transactionDate": "27-04-2023",
    "transactionId": "1EM7TJ5RN57",
    "transactionValue": "$119.05"
  },
  {
    "id": 148,
    "customerName": "Fina Stigger",
    "transactionDate": "09-06-2023",
    "transactionId": "8VD9M49GC19",
    "transactionValue": "$137.51"
  },
  {
    "id": 149,
    "customerName": "Krystal Huikerby",
    "transactionDate": "25-03-2023",
    "transactionId": "4AN4KE5MX91",
    "transactionValue": "$105.78"
  },
  {
    "id": 150,
    "customerName": "Anabel Secrett",
    "transactionDate": "18-02-2023",
    "transactionId": "8J62F32FU39",
    "transactionValue": "$80.61"
  },
  {
    "id": 151,
    "customerName": "Abdul Dymock",
    "transactionDate": "08-12-2023",
    "transactionId": "5CD1U19PV19",
    "transactionValue": "$132.64"
  },
  {
    "id": 152,
    "customerName": "Shanta Mainston",
    "transactionDate": "19-02-2023",
    "transactionId": "6KE6KF3PU20",
    "transactionValue": "$75.27"
  },
  {
    "id": 153,
    "customerName": "Dasya Povey",
    "transactionDate": "04-11-2023",
    "transactionId": "2UH6KD2CU88",
    "transactionValue": "$94.52"
  },
  {
    "id": 154,
    "customerName": "Serena Jolley",
    "transactionDate": "02-02-2023",
    "transactionId": "2UC1ER5WY46",
    "transactionValue": "$12.04"
  },
  {
    "id": 155,
    "customerName": "Guillaume Bettaney",
    "transactionDate": "16-12-2023",
    "transactionId": "8QJ0X36TC86",
    "transactionValue": "$88.08"
  },
  {
    "id": 156,
    "customerName": "Shaun Sawney",
    "transactionDate": "12-08-2023",
    "transactionId": "1R51W31WQ48",
    "transactionValue": "$1.04"
  },
  {
    "id": 157,
    "customerName": "Yolane Crispin",
    "transactionDate": "02-08-2023",
    "transactionId": "8DH7UH0WG74",
    "transactionValue": "$123.53"
  },
  {
    "id": 158,
    "customerName": "Ailee Frentz",
    "transactionDate": "25-02-2023",
    "transactionId": "9A26X00TM41",
    "transactionValue": "$147.94"
  },
  {
    "id": 159,
    "customerName": "Halimeda Shemmans",
    "transactionDate": "21-04-2023",
    "transactionId": "6D06U00CR75",
    "transactionValue": "$141.75"
  },
  {
    "id": 160,
    "customerName": "Belvia Eite",
    "transactionDate": "31-12-2023",
    "transactionId": "6AR6VP2CY50",
    "transactionValue": "$95.36"
  },
  {
    "id": 161,
    "customerName": "Michel Winchurch",
    "transactionDate": "11-07-2023",
    "transactionId": "7FD1VP4PM96",
    "transactionValue": "$73.86"
  },
  {
    "id": 162,
    "customerName": "Josiah Wetherick",
    "transactionDate": "02-05-2023",
    "transactionId": "2CG9PR6MG75",
    "transactionValue": "$2.31"
  },
  {
    "id": 163,
    "customerName": "Harriette Sivyer",
    "transactionDate": "19-08-2023",
    "transactionId": "4CC6R09EN50",
    "transactionValue": "$52.11"
  },
  {
    "id": 164,
    "customerName": "Sascha Schankel",
    "transactionDate": "08-12-2023",
    "transactionId": "6X70J08EQ65",
    "transactionValue": "$43.07"
  },
  {
    "id": 165,
    "customerName": "Wally Farington",
    "transactionDate": "02-05-2023",
    "transactionId": "6A90VU4VG81",
    "transactionValue": "$48.41"
  },
  {
    "id": 166,
    "customerName": "Guenevere Cockle",
    "transactionDate": "23-04-2023",
    "transactionId": "5DT8E62HK65",
    "transactionValue": "$106.74"
  },
  {
    "id": 167,
    "customerName": "Zenia Goman",
    "transactionDate": "13-04-2023",
    "transactionId": "7AG2UQ8EW57",
    "transactionValue": "$98.92"
  },
  {
    "id": 168,
    "customerName": "Garrard Uppett",
    "transactionDate": "04-12-2023",
    "transactionId": "3KJ5MK1TH37",
    "transactionValue": "$3.22"
  },
  {
    "id": 169,
    "customerName": "Marieann De Zuani",
    "transactionDate": "21-09-2023",
    "transactionId": "5D52M69JV82",
    "transactionValue": "$131.72"
  },
  {
    "id": 170,
    "customerName": "Mady Presland",
    "transactionDate": "26-06-2023",
    "transactionId": "8HT4RG4JK70",
    "transactionValue": "$15.37"
  },
  {
    "id": 171,
    "customerName": "Licha Stuckley",
    "transactionDate": "12-08-2023",
    "transactionId": "9E03XQ1CF52",
    "transactionValue": "$63.24"
  },
  {
    "id": 172,
    "customerName": "Myrah Purvess",
    "transactionDate": "18-01-2024",
    "transactionId": "1MT1ET4VG21",
    "transactionValue": "$45.47"
  },
  {
    "id": 173,
    "customerName": "Whitaker Isaq",
    "transactionDate": "12-03-2023",
    "transactionId": "9T81TE2HP31",
    "transactionValue": "$49.74"
  },
  {
    "id": 174,
    "customerName": "Allissa Hazley",
    "transactionDate": "27-09-2023",
    "transactionId": "4VN2WX5TA48",
    "transactionValue": "$137.83"
  },
  {
    "id": 175,
    "customerName": "Adlai Boundley",
    "transactionDate": "20-09-2023",
    "transactionId": "4J16MW6DR85",
    "transactionValue": "$102.76"
  },
  {
    "id": 176,
    "customerName": "Annora Hedon",
    "transactionDate": "27-09-2023",
    "transactionId": "5CN8W95DT53",
    "transactionValue": "$100.41"
  },
  {
    "id": 177,
    "customerName": "Trenna Coneybeer",
    "transactionDate": "12-01-2024",
    "transactionId": "1EX5KF9GH51",
    "transactionValue": "$12.51"
  },
  {
    "id": 178,
    "customerName": "Steve De Minico",
    "transactionDate": "23-04-2023",
    "transactionId": "6JE1VV0YF24",
    "transactionValue": "$11.10"
  },
  {
    "id": 179,
    "customerName": "Lowrance Holdey",
    "transactionDate": "07-12-2023",
    "transactionId": "5FD5J48VD02",
    "transactionValue": "$62.69"
  },
  {
    "id": 180,
    "customerName": "Abeu Veighey",
    "transactionDate": "14-09-2023",
    "transactionId": "2U64G14WC38",
    "transactionValue": "$88.02"
  },
  {
    "id": 181,
    "customerName": "Raynard Chaucer",
    "transactionDate": "25-08-2023",
    "transactionId": "8C54P17RM83",
    "transactionValue": "$75.77"
  },
  {
    "id": 182,
    "customerName": "Jens Marshalleck",
    "transactionDate": "03-02-2023",
    "transactionId": "4P47VF6FD37",
    "transactionValue": "$146.86"
  },
  {
    "id": 183,
    "customerName": "Andriette Scruton",
    "transactionDate": "21-08-2023",
    "transactionId": "2D07HM9CP44",
    "transactionValue": "$90.19"
  },
  {
    "id": 184,
    "customerName": "Bendite Arney",
    "transactionDate": "13-11-2023",
    "transactionId": "2AT3TQ6PT51",
    "transactionValue": "$138.81"
  },
  {
    "id": 185,
    "customerName": "Will Docharty",
    "transactionDate": "13-10-2023",
    "transactionId": "5UT9KT0KH79",
    "transactionValue": "$139.56"
  },
  {
    "id": 186,
    "customerName": "Tim Nicklinson",
    "transactionDate": "11-10-2023",
    "transactionId": "2J10KT7DF60",
    "transactionValue": "$121.30"
  },
  {
    "id": 187,
    "customerName": "Niccolo Grigolashvill",
    "transactionDate": "30-12-2023",
    "transactionId": "5JT8RK9MQ61",
    "transactionValue": "$93.85"
  },
  {
    "id": 188,
    "customerName": "Kenn Rizzardini",
    "transactionDate": "17-07-2023",
    "transactionId": "4RE2F87NA57",
    "transactionValue": "$12.37"
  },
  {
    "id": 189,
    "customerName": "Gina Jeffries",
    "transactionDate": "06-02-2023",
    "transactionId": "8D75YR6UH40",
    "transactionValue": "$41.15"
  },
  {
    "id": 190,
    "customerName": "Marieann Ughelli",
    "transactionDate": "05-05-2023",
    "transactionId": "7D66UR7MD31",
    "transactionValue": "$110.26"
  },
  {
    "id": 191,
    "customerName": "Debor Orridge",
    "transactionDate": "13-08-2023",
    "transactionId": "6J32DX7YF66",
    "transactionValue": "$78.83"
  },
  {
    "id": 192,
    "customerName": "Garik Ash",
    "transactionDate": "16-06-2023",
    "transactionId": "1YW0ER2YT11",
    "transactionValue": "$122.14"
  },
  {
    "id": 193,
    "customerName": "Elise Collet",
    "transactionDate": "03-11-2023",
    "transactionId": "7UP6W47HQ39",
    "transactionValue": "$67.85"
  },
  {
    "id": 194,
    "customerName": "Jackelyn Coward",
    "transactionDate": "20-12-2023",
    "transactionId": "5FJ5YQ8KG24",
    "transactionValue": "$17.32"
  },
  {
    "id": 195,
    "customerName": "Levon Goodliffe",
    "transactionDate": "07-07-2023",
    "transactionId": "3P68EK0XE62",
    "transactionValue": "$113.53"
  },
  {
    "id": 196,
    "customerName": "Ruy Kiera",
    "transactionDate": "10-03-2023",
    "transactionId": "3NT6GA0FP20",
    "transactionValue": "$42.91"
  },
  {
    "id": 197,
    "customerName": "Will Barker",
    "transactionDate": "12-09-2023",
    "transactionId": "2YM1G15AP97",
    "transactionValue": "$54.67"
  },
  {
    "id": 198,
    "customerName": "Marilyn Kupisz",
    "transactionDate": "03-07-2023",
    "transactionId": "1X65PU1YG94",
    "transactionValue": "$113.20"
  },
  {
    "id": 199,
    "customerName": "Horst Amberger",
    "transactionDate": "05-04-2023",
    "transactionId": "6DH5T40GG32",
    "transactionValue": "$78.33"
  },
  {
    "id": 200,
    "customerName": "Charlotta Dumphry",
    "transactionDate": "08-04-2023",
    "transactionId": "7GT5Q02YH40",
    "transactionValue": "$141.34"
  },
  {
    "id": 201,
    "customerName": "Wilmette Salzberger",
    "transactionDate": "16-08-2023",
    "transactionId": "1P62NA1CU11",
    "transactionValue": "$66.75"
  },
  {
    "id": 202,
    "customerName": "Reginald Ashpole",
    "transactionDate": "10-04-2023",
    "transactionId": "1F96K97HR00",
    "transactionValue": "$107.58"
  },
  {
    "id": 203,
    "customerName": "Selena Swalteridge",
    "transactionDate": "10-08-2023",
    "transactionId": "5ER0DX6JC75",
    "transactionValue": "$16.91"
  },
  {
    "id": 204,
    "customerName": "Caty Pople",
    "transactionDate": "10-10-2023",
    "transactionId": "4UM0C38DJ40",
    "transactionValue": "$28.27"
  },
  {
    "id": 205,
    "customerName": "Randa Grigoroni",
    "transactionDate": "25-11-2023",
    "transactionId": "9WP3UK8FH09",
    "transactionValue": "$22.13"
  },
  {
    "id": 206,
    "customerName": "Allis Aikett",
    "transactionDate": "25-07-2023",
    "transactionId": "1YH4D19TT25",
    "transactionValue": "$10.76"
  },
  {
    "id": 207,
    "customerName": "Erik Abbott",
    "transactionDate": "20-02-2023",
    "transactionId": "8QT5QX2RA01",
    "transactionValue": "$72.07"
  },
  {
    "id": 208,
    "customerName": "Pru Greatrex",
    "transactionDate": "14-12-2023",
    "transactionId": "4DP6N64HP41",
    "transactionValue": "$121.15"
  },
  {
    "id": 209,
    "customerName": "Fancie Gerardeaux",
    "transactionDate": "30-12-2023",
    "transactionId": "4MD4YA5CH34",
    "transactionValue": "$14.03"
  },
  {
    "id": 210,
    "customerName": "Nicolina Ellissen",
    "transactionDate": "28-03-2023",
    "transactionId": "6UH3RX6RQ18",
    "transactionValue": "$82.28"
  },
  {
    "id": 211,
    "customerName": "Pearce Gehrtz",
    "transactionDate": "27-08-2023",
    "transactionId": "9RC7X62YR34",
    "transactionValue": "$3.18"
  },
  {
    "id": 212,
    "customerName": "Genevra Park",
    "transactionDate": "23-05-2023",
    "transactionId": "4J45M01PM95",
    "transactionValue": "$22.63"
  },
  {
    "id": 213,
    "customerName": "Darn Alliban",
    "transactionDate": "17-02-2023",
    "transactionId": "2AA9HH1GR11",
    "transactionValue": "$35.30"
  },
  {
    "id": 214,
    "customerName": "Kimberley Pinchback",
    "transactionDate": "13-12-2023",
    "transactionId": "6MH9TR8QH75",
    "transactionValue": "$123.85"
  },
  {
    "id": 215,
    "customerName": "Junina Austin",
    "transactionDate": "09-08-2023",
    "transactionId": "9NC3D36EX37",
    "transactionValue": "$27.55"
  },
  {
    "id": 216,
    "customerName": "Gian California",
    "transactionDate": "23-02-2023",
    "transactionId": "9ET9JA4KC96",
    "transactionValue": "$111.30"
  },
  {
    "id": 217,
    "customerName": "Benjy Togwell",
    "transactionDate": "14-02-2023",
    "transactionId": "3J50GK9NF62",
    "transactionValue": "$94.06"
  },
  {
    "id": 218,
    "customerName": "Titos Daudray",
    "transactionDate": "08-06-2023",
    "transactionId": "9J38JE0EJ41",
    "transactionValue": "$34.31"
  },
  {
    "id": 219,
    "customerName": "Mirna Yushankin",
    "transactionDate": "23-05-2023",
    "transactionId": "4KP2X69AW99",
    "transactionValue": "$89.49"
  },
  {
    "id": 220,
    "customerName": "Pat Daton",
    "transactionDate": "07-12-2023",
    "transactionId": "2GV3DW8AP69",
    "transactionValue": "$103.32"
  },
  {
    "id": 221,
    "customerName": "Kristoforo Kernley",
    "transactionDate": "04-04-2023",
    "transactionId": "6UX4F58DN61",
    "transactionValue": "$53.81"
  },
  {
    "id": 222,
    "customerName": "Berti Bohje",
    "transactionDate": "31-01-2023",
    "transactionId": "2GP1X65WD82",
    "transactionValue": "$66.14"
  },
  {
    "id": 223,
    "customerName": "Isaak Rapaport",
    "transactionDate": "17-11-2023",
    "transactionId": "9UT0UW4QD06",
    "transactionValue": "$117.51"
  },
  {
    "id": 224,
    "customerName": "Corrinne Piwell",
    "transactionDate": "25-11-2023",
    "transactionId": "9VP8K42WG36",
    "transactionValue": "$74.63"
  },
  {
    "id": 225,
    "customerName": "Xever Dyas",
    "transactionDate": "11-07-2023",
    "transactionId": "1WK5P20CY11",
    "transactionValue": "$132.60"
  },
  {
    "id": 226,
    "customerName": "Francklyn Floweth",
    "transactionDate": "29-05-2023",
    "transactionId": "3G83CT2FM37",
    "transactionValue": "$43.09"
  },
  {
    "id": 227,
    "customerName": "Eva Sayer",
    "transactionDate": "20-07-2023",
    "transactionId": "1J16FH5RV14",
    "transactionValue": "$141.59"
  },
  {
    "id": 228,
    "customerName": "Lenore Coddrington",
    "transactionDate": "01-11-2023",
    "transactionId": "6WX4TN6JD05",
    "transactionValue": "$25.79"
  },
  {
    "id": 229,
    "customerName": "Cacilia Coate",
    "transactionDate": "26-10-2023",
    "transactionId": "7JJ6K15JT87",
    "transactionValue": "$59.17"
  },
  {
    "id": 230,
    "customerName": "Jehanna MacKinnon",
    "transactionDate": "26-01-2024",
    "transactionId": "1JQ1XP4MV94",
    "transactionValue": "$24.21"
  },
  {
    "id": 231,
    "customerName": "Alanna Geist",
    "transactionDate": "25-04-2023",
    "transactionId": "9FY4F62NN76",
    "transactionValue": "$24.20"
  },
  {
    "id": 232,
    "customerName": "Zara Lofty",
    "transactionDate": "05-05-2023",
    "transactionId": "4PN5ED7FN78",
    "transactionValue": "$88.24"
  },
  {
    "id": 233,
    "customerName": "Lettie Mundall",
    "transactionDate": "02-12-2023",
    "transactionId": "8EN3JF3TF94",
    "transactionValue": "$112.95"
  },
  {
    "id": 234,
    "customerName": "Inger Hammelberg",
    "transactionDate": "18-11-2023",
    "transactionId": "8E24R94RX01",
    "transactionValue": "$19.64"
  },
  {
    "id": 235,
    "customerName": "Marji Anglish",
    "transactionDate": "09-06-2023",
    "transactionId": "4F53XJ3ET66",
    "transactionValue": "$2.17"
  },
  {
    "id": 236,
    "customerName": "Raffarty Demange",
    "transactionDate": "18-08-2023",
    "transactionId": "7CU7U65AR73",
    "transactionValue": "$130.06"
  },
  {
    "id": 237,
    "customerName": "Maynord Sheerin",
    "transactionDate": "28-03-2023",
    "transactionId": "2H61Y86HG50",
    "transactionValue": "$29.33"
  },
  {
    "id": 238,
    "customerName": "Claribel Renney",
    "transactionDate": "13-12-2023",
    "transactionId": "1E65F62NY47",
    "transactionValue": "$91.20"
  },
  {
    "id": 239,
    "customerName": "Doll Dutnell",
    "transactionDate": "24-06-2023",
    "transactionId": "3T21XN7RD08",
    "transactionValue": "$20.15"
  },
  {
    "id": 240,
    "customerName": "Josi Reeken",
    "transactionDate": "01-06-2023",
    "transactionId": "8CV7KU6CX67",
    "transactionValue": "$73.39"
  },
  {
    "id": 241,
    "customerName": "Darryl Schonfeld",
    "transactionDate": "19-07-2023",
    "transactionId": "6K43J40VK41",
    "transactionValue": "$55.07"
  },
  {
    "id": 242,
    "customerName": "Ringo McRonald",
    "transactionDate": "28-05-2023",
    "transactionId": "4KV6TJ3JP66",
    "transactionValue": "$37.53"
  },
  {
    "id": 243,
    "customerName": "Leslie Mealiffe",
    "transactionDate": "01-05-2023",
    "transactionId": "9GQ0T30JP61",
    "transactionValue": "$63.71"
  },
  {
    "id": 244,
    "customerName": "Torey Medlar",
    "transactionDate": "02-08-2023",
    "transactionId": "6KK3HK7HF26",
    "transactionValue": "$98.25"
  },
  {
    "id": 245,
    "customerName": "Miriam Meeus",
    "transactionDate": "18-08-2023",
    "transactionId": "4HJ5CJ9VJ56",
    "transactionValue": "$100.59"
  },
  {
    "id": 246,
    "customerName": "Douglass Scherme",
    "transactionDate": "17-05-2023",
    "transactionId": "8GH5RW3YH43",
    "transactionValue": "$56.28"
  },
  {
    "id": 247,
    "customerName": "Joy Pakes",
    "transactionDate": "19-01-2024",
    "transactionId": "7J31DM0HW53",
    "transactionValue": "$12.33"
  },
  {
    "id": 248,
    "customerName": "Augie O' Donohue",
    "transactionDate": "24-05-2023",
    "transactionId": "4YG6FD7WJ05",
    "transactionValue": "$98.54"
  },
  {
    "id": 249,
    "customerName": "Rachael Sperring",
    "transactionDate": "15-05-2023",
    "transactionId": "9XE0JK5JM53",
    "transactionValue": "$105.91"
  },
  {
    "id": 250,
    "customerName": "Garvey Robardey",
    "transactionDate": "20-09-2023",
    "transactionId": "7Y82CT1QN81",
    "transactionValue": "$121.23"
  },
  {
    "id": 251,
    "customerName": "Nikola Redferne",
    "transactionDate": "23-04-2023",
    "transactionId": "6U11VG5UR64",
    "transactionValue": "$13.64"
  },
  {
    "id": 252,
    "customerName": "Adan Kindley",
    "transactionDate": "19-02-2023",
    "transactionId": "7WN6AN3WA60",
    "transactionValue": "$6.25"
  },
  {
    "id": 253,
    "customerName": "Camile Stivani",
    "transactionDate": "12-10-2023",
    "transactionId": "6EM8NX6JX91",
    "transactionValue": "$50.60"
  },
  {
    "id": 254,
    "customerName": "Charlton Wilkenson",
    "transactionDate": "15-07-2023",
    "transactionId": "5EJ4K43YX24",
    "transactionValue": "$79.49"
  },
  {
    "id": 255,
    "customerName": "Trixy Hagston",
    "transactionDate": "12-12-2023",
    "transactionId": "9GN5HC6RD50",
    "transactionValue": "$25.72"
  },
  {
    "id": 256,
    "customerName": "Ange Overall",
    "transactionDate": "07-11-2023",
    "transactionId": "9NU6GP4UV66",
    "transactionValue": "$57.59"
  },
  {
    "id": 257,
    "customerName": "Oby Yetman",
    "transactionDate": "14-10-2023",
    "transactionId": "2CF6X95CD97",
    "transactionValue": "$55.61"
  },
  {
    "id": 258,
    "customerName": "Nance Barter",
    "transactionDate": "07-02-2023",
    "transactionId": "5K36XF7TQ95",
    "transactionValue": "$132.04"
  },
  {
    "id": 259,
    "customerName": "Mindy Doag",
    "transactionDate": "09-12-2023",
    "transactionId": "3EN4JW6JJ54",
    "transactionValue": "$22.00"
  },
  {
    "id": 260,
    "customerName": "Worden Gutch",
    "transactionDate": "11-08-2023",
    "transactionId": "8T91X03DH96",
    "transactionValue": "$20.72"
  },
  {
    "id": 261,
    "customerName": "Edd Falcus",
    "transactionDate": "21-10-2023",
    "transactionId": "6CP1FJ4AD65",
    "transactionValue": "$41.89"
  },
  {
    "id": 262,
    "customerName": "Lothaire Gatward",
    "transactionDate": "30-06-2023",
    "transactionId": "6D46FG1DG99",
    "transactionValue": "$64.43"
  },
  {
    "id": 263,
    "customerName": "Brunhilde Moffet",
    "transactionDate": "11-03-2023",
    "transactionId": "2VM8FK5YG96",
    "transactionValue": "$118.95"
  },
  {
    "id": 264,
    "customerName": "Murdoch Collard",
    "transactionDate": "13-06-2023",
    "transactionId": "6F25U21QN49",
    "transactionValue": "$82.26"
  },
  {
    "id": 265,
    "customerName": "Adora Algore",
    "transactionDate": "12-10-2023",
    "transactionId": "4HD4NM1RC63",
    "transactionValue": "$50.52"
  },
  {
    "id": 266,
    "customerName": "Agneta De Vaar",
    "transactionDate": "16-02-2023",
    "transactionId": "3W05M27HC53",
    "transactionValue": "$142.43"
  },
  {
    "id": 267,
    "customerName": "Dulcia Twell",
    "transactionDate": "03-01-2024",
    "transactionId": "4K28E08FE22",
    "transactionValue": "$68.50"
  },
  {
    "id": 268,
    "customerName": "Bren Jean",
    "transactionDate": "22-01-2024",
    "transactionId": "9HU9D72YT61",
    "transactionValue": "$112.77"
  },
  {
    "id": 269,
    "customerName": "Ruperta Thickins",
    "transactionDate": "24-02-2023",
    "transactionId": "7W28K20HK29",
    "transactionValue": "$10.43"
  },
  {
    "id": 270,
    "customerName": "Arthur Lowres",
    "transactionDate": "21-06-2023",
    "transactionId": "6DV0VU1AD81",
    "transactionValue": "$33.26"
  },
  {
    "id": 271,
    "customerName": "Stephanie Crielly",
    "transactionDate": "03-12-2023",
    "transactionId": "7EC9Y79XV13",
    "transactionValue": "$38.31"
  },
  {
    "id": 272,
    "customerName": "Penrod Grishukov",
    "transactionDate": "07-07-2023",
    "transactionId": "2N83EQ7XQ13",
    "transactionValue": "$124.61"
  },
  {
    "id": 273,
    "customerName": "Tracey Monckton",
    "transactionDate": "11-08-2023",
    "transactionId": "8WH3G23UD59",
    "transactionValue": "$141.80"
  },
  {
    "id": 274,
    "customerName": "Sigfrid Fogden",
    "transactionDate": "01-09-2023",
    "transactionId": "4E84UP4TK33",
    "transactionValue": "$117.10"
  },
  {
    "id": 275,
    "customerName": "Beverlee Giannoni",
    "transactionDate": "14-08-2023",
    "transactionId": "8GY1JA4YX36",
    "transactionValue": "$11.94"
  },
  {
    "id": 276,
    "customerName": "Garret Davidofski",
    "transactionDate": "11-10-2023",
    "transactionId": "4TY5U52XQ33",
    "transactionValue": "$88.99"
  },
  {
    "id": 277,
    "customerName": "Marlane Havard",
    "transactionDate": "04-08-2023",
    "transactionId": "1CQ3Y54XM82",
    "transactionValue": "$51.84"
  },
  {
    "id": 278,
    "customerName": "Ebba Dahlberg",
    "transactionDate": "06-04-2023",
    "transactionId": "3K36YV0KV16",
    "transactionValue": "$111.22"
  },
  {
    "id": 279,
    "customerName": "Herculie Chagg",
    "transactionDate": "23-11-2023",
    "transactionId": "8NU8V33UF70",
    "transactionValue": "$94.35"
  },
  {
    "id": 280,
    "customerName": "Lief Dufton",
    "transactionDate": "06-01-2024",
    "transactionId": "4X19Y88NY96",
    "transactionValue": "$13.14"
  },
  {
    "id": 281,
    "customerName": "Nathanil De Lascy",
    "transactionDate": "08-02-2023",
    "transactionId": "6QG2J47YW58",
    "transactionValue": "$87.91"
  },
  {
    "id": 282,
    "customerName": "Kev Goddard",
    "transactionDate": "30-04-2023",
    "transactionId": "7U80YP0NA09",
    "transactionValue": "$122.22"
  },
  {
    "id": 283,
    "customerName": "Ethe Pallesen",
    "transactionDate": "22-09-2023",
    "transactionId": "6YN6A55GT21",
    "transactionValue": "$104.26"
  },
  {
    "id": 284,
    "customerName": "Rafe Mucklestone",
    "transactionDate": "05-10-2023",
    "transactionId": "3D05T81XE05",
    "transactionValue": "$84.61"
  },
  {
    "id": 285,
    "customerName": "Lon Rosenberg",
    "transactionDate": "22-10-2023",
    "transactionId": "8MT2YM9RY26",
    "transactionValue": "$92.01"
  },
  {
    "id": 286,
    "customerName": "Kania Hunston",
    "transactionDate": "19-04-2023",
    "transactionId": "3UW7VE2JP21",
    "transactionValue": "$83.43"
  },
  {
    "id": 287,
    "customerName": "Mollee Wemes",
    "transactionDate": "23-03-2023",
    "transactionId": "3WJ0CQ7HF25",
    "transactionValue": "$38.74"
  },
  {
    "id": 288,
    "customerName": "Kore Aarons",
    "transactionDate": "03-01-2024",
    "transactionId": "2AX9UE2JX52",
    "transactionValue": "$78.30"
  },
  {
    "id": 289,
    "customerName": "Darb Corbishley",
    "transactionDate": "10-02-2023",
    "transactionId": "4WK3HJ2AP09",
    "transactionValue": "$73.72"
  },
  {
    "id": 290,
    "customerName": "Carr Bramble",
    "transactionDate": "05-06-2023",
    "transactionId": "7H95VG3QG74",
    "transactionValue": "$89.05"
  },
  {
    "id": 291,
    "customerName": "Luisa Rusbridge",
    "transactionDate": "11-06-2023",
    "transactionId": "3KN5WH6YP81",
    "transactionValue": "$51.74"
  },
  {
    "id": 292,
    "customerName": "Pepe MacIlwrick",
    "transactionDate": "18-08-2023",
    "transactionId": "1UP4CV0NG94",
    "transactionValue": "$124.46"
  },
  {
    "id": 293,
    "customerName": "Mavra Polden",
    "transactionDate": "27-05-2023",
    "transactionId": "2FJ8W95VP04",
    "transactionValue": "$98.66"
  },
  {
    "id": 294,
    "customerName": "Margarethe Mullarkey",
    "transactionDate": "14-10-2023",
    "transactionId": "5GJ4FC8HJ32",
    "transactionValue": "$44.90"
  },
  {
    "id": 295,
    "customerName": "Rory Hannaford",
    "transactionDate": "16-09-2023",
    "transactionId": "5H26T37QP90",
    "transactionValue": "$52.62"
  },
  {
    "id": 296,
    "customerName": "Jeramie Fettes",
    "transactionDate": "08-09-2023",
    "transactionId": "4V25GM5YJ07",
    "transactionValue": "$30.77"
  },
  {
    "id": 297,
    "customerName": "Lind Craighall",
    "transactionDate": "09-04-2023",
    "transactionId": "1Y95QE0MD81",
    "transactionValue": "$102.65"
  },
  {
    "id": 298,
    "customerName": "Rhona Handlin",
    "transactionDate": "08-12-2023",
    "transactionId": "6VP3CK5YW22",
    "transactionValue": "$108.93"
  },
  {
    "id": 299,
    "customerName": "Artemas Lockley",
    "transactionDate": "09-11-2023",
    "transactionId": "5W69E04QT20",
    "transactionValue": "$110.13"
  },
  {
    "id": 300,
    "customerName": "Myrilla MacArthur",
    "transactionDate": "23-10-2023",
    "transactionId": "7XE1KQ9JC17",
    "transactionValue": "$96.85"
  },
  {
    "id": 301,
    "customerName": "Giffy Duggon",
    "transactionDate": "18-08-2023",
    "transactionId": "8XP2X44FY62",
    "transactionValue": "$134.00"
  },
  {
    "id": 302,
    "customerName": "Jedediah Scriviner",
    "transactionDate": "08-02-2023",
    "transactionId": "9CD8PR9MX11",
    "transactionValue": "$83.58"
  },
  {
    "id": 303,
    "customerName": "Walther Rishworth",
    "transactionDate": "17-03-2023",
    "transactionId": "9H97J61KC47",
    "transactionValue": "$15.96"
  },
  {
    "id": 304,
    "customerName": "Agnese Praundlin",
    "transactionDate": "18-07-2023",
    "transactionId": "4PF4P15DP37",
    "transactionValue": "$36.12"
  },
  {
    "id": 305,
    "customerName": "Othelia Medina",
    "transactionDate": "08-05-2023",
    "transactionId": "1FY6NN8KR14",
    "transactionValue": "$114.16"
  },
  {
    "id": 306,
    "customerName": "Dixie Nelius",
    "transactionDate": "04-06-2023",
    "transactionId": "7M14TP6FU06",
    "transactionValue": "$117.43"
  },
  {
    "id": 307,
    "customerName": "Carolina Craigmile",
    "transactionDate": "22-04-2023",
    "transactionId": "9TA4PE2NQ49",
    "transactionValue": "$103.56"
  },
  {
    "id": 308,
    "customerName": "Nevin Farnworth",
    "transactionDate": "03-08-2023",
    "transactionId": "2CC2YV1VR29",
    "transactionValue": "$122.43"
  },
  {
    "id": 309,
    "customerName": "Kipp Carnalan",
    "transactionDate": "29-05-2023",
    "transactionId": "1VE1FR9AU87",
    "transactionValue": "$2.44"
  },
  {
    "id": 310,
    "customerName": "Sheilakathryn Waszkiewicz",
    "transactionDate": "07-02-2023",
    "transactionId": "5TG7K69AE70",
    "transactionValue": "$74.51"
  },
  {
    "id": 311,
    "customerName": "Gwynne Prose",
    "transactionDate": "29-10-2023",
    "transactionId": "9D70U44DM17",
    "transactionValue": "$147.95"
  },
  {
    "id": 312,
    "customerName": "Mary Breese",
    "transactionDate": "07-11-2023",
    "transactionId": "1C03Y69RC43",
    "transactionValue": "$12.38"
  },
  {
    "id": 313,
    "customerName": "Maddie Windmill",
    "transactionDate": "10-12-2023",
    "transactionId": "2HQ2HP3XX05",
    "transactionValue": "$79.12"
  },
  {
    "id": 314,
    "customerName": "Christa Brookesbie",
    "transactionDate": "12-12-2023",
    "transactionId": "9CM2C93MK93",
    "transactionValue": "$138.78"
  },
  {
    "id": 315,
    "customerName": "Dionne Castro",
    "transactionDate": "09-03-2023",
    "transactionId": "2F36YH8WA65",
    "transactionValue": "$92.04"
  },
  {
    "id": 316,
    "customerName": "Carin Mateja",
    "transactionDate": "13-12-2023",
    "transactionId": "6FG5WF5HW44",
    "transactionValue": "$143.48"
  },
  {
    "id": 317,
    "customerName": "Marianne Garrattley",
    "transactionDate": "20-02-2023",
    "transactionId": "6Q05HM0GV87",
    "transactionValue": "$99.23"
  },
  {
    "id": 318,
    "customerName": "Egan Kevane",
    "transactionDate": "11-01-2024",
    "transactionId": "1RF5VT1XX55",
    "transactionValue": "$96.82"
  },
  {
    "id": 319,
    "customerName": "Kelila Keningley",
    "transactionDate": "24-01-2024",
    "transactionId": "8EQ3K87HJ40",
    "transactionValue": "$9.50"
  },
  {
    "id": 320,
    "customerName": "Cedric Pryer",
    "transactionDate": "19-03-2023",
    "transactionId": "2T57J87JF95",
    "transactionValue": "$129.20"
  },
  {
    "id": 321,
    "customerName": "Yorgo Starkey",
    "transactionDate": "28-12-2023",
    "transactionId": "1J46C94MG79",
    "transactionValue": "$42.17"
  },
  {
    "id": 322,
    "customerName": "Berne Haugh",
    "transactionDate": "19-04-2023",
    "transactionId": "4NT6X10RV82",
    "transactionValue": "$72.16"
  },
  {
    "id": 323,
    "customerName": "Lynnell McQuilliam",
    "transactionDate": "10-04-2023",
    "transactionId": "2XN2GG9PU38",
    "transactionValue": "$125.38"
  },
  {
    "id": 324,
    "customerName": "Brand Battell",
    "transactionDate": "15-08-2023",
    "transactionId": "3P64EV3CY25",
    "transactionValue": "$10.16"
  },
  {
    "id": 325,
    "customerName": "Erinna Stowte",
    "transactionDate": "02-01-2024",
    "transactionId": "3C26UR5VV43",
    "transactionValue": "$38.07"
  },
  {
    "id": 326,
    "customerName": "Marshall Roget",
    "transactionDate": "07-03-2023",
    "transactionId": "6CP8ME0DR42",
    "transactionValue": "$8.10"
  },
  {
    "id": 327,
    "customerName": "Tobey Mion",
    "transactionDate": "19-12-2023",
    "transactionId": "4W43AX2YW31",
    "transactionValue": "$134.00"
  },
  {
    "id": 328,
    "customerName": "Julia Sedwick",
    "transactionDate": "14-03-2023",
    "transactionId": "2TY8HX4CX39",
    "transactionValue": "$44.74"
  },
  {
    "id": 329,
    "customerName": "Milli Carville",
    "transactionDate": "07-07-2023",
    "transactionId": "2QT3Q67PQ01",
    "transactionValue": "$111.79"
  },
  {
    "id": 330,
    "customerName": "Rickey Cleverly",
    "transactionDate": "03-11-2023",
    "transactionId": "6XR3YU7RK89",
    "transactionValue": "$19.39"
  },
  {
    "id": 331,
    "customerName": "Ervin Atyea",
    "transactionDate": "05-02-2023",
    "transactionId": "3TH3XY1YU44",
    "transactionValue": "$126.82"
  },
  {
    "id": 332,
    "customerName": "Joellyn Marusik",
    "transactionDate": "10-03-2023",
    "transactionId": "1XM0UF8JE85",
    "transactionValue": "$133.54"
  },
  {
    "id": 333,
    "customerName": "Joelle Creeboe",
    "transactionDate": "08-12-2023",
    "transactionId": "8V14PX1PY36",
    "transactionValue": "$122.16"
  },
  {
    "id": 334,
    "customerName": "Izzy Sisneros",
    "transactionDate": "27-08-2023",
    "transactionId": "9RR0R61MR76",
    "transactionValue": "$140.48"
  },
  {
    "id": 335,
    "customerName": "La verne Harg",
    "transactionDate": "22-09-2023",
    "transactionId": "1PF8P18YT25",
    "transactionValue": "$73.66"
  },
  {
    "id": 336,
    "customerName": "Kimball Collar",
    "transactionDate": "04-05-2023",
    "transactionId": "9GT8Y15UR99",
    "transactionValue": "$86.77"
  },
  {
    "id": 337,
    "customerName": "Adham McIlmorie",
    "transactionDate": "02-06-2023",
    "transactionId": "9NA5CU7YX94",
    "transactionValue": "$34.55"
  },
  {
    "id": 338,
    "customerName": "Filberte Charle",
    "transactionDate": "01-02-2023",
    "transactionId": "4FN4AE4PM96",
    "transactionValue": "$26.13"
  },
  {
    "id": 339,
    "customerName": "Portia Fittall",
    "transactionDate": "08-08-2023",
    "transactionId": "9FP6D30JU37",
    "transactionValue": "$90.95"
  },
  {
    "id": 340,
    "customerName": "Silvan Cartin",
    "transactionDate": "12-07-2023",
    "transactionId": "9J23M16AK42",
    "transactionValue": "$59.44"
  },
  {
    "id": 341,
    "customerName": "Nevin Hubbucke",
    "transactionDate": "14-01-2024",
    "transactionId": "5FC1HV5CJ59",
    "transactionValue": "$92.46"
  },
  {
    "id": 342,
    "customerName": "Graig Whittaker",
    "transactionDate": "26-06-2023",
    "transactionId": "7NT3KA8NA81",
    "transactionValue": "$84.78"
  },
  {
    "id": 343,
    "customerName": "Pavia Pyatt",
    "transactionDate": "10-09-2023",
    "transactionId": "8F24NQ7DH76",
    "transactionValue": "$141.21"
  },
  {
    "id": 344,
    "customerName": "Neely L'Amie",
    "transactionDate": "28-02-2023",
    "transactionId": "1MX9TE4NC73",
    "transactionValue": "$20.36"
  },
  {
    "id": 345,
    "customerName": "Cherry Collin",
    "transactionDate": "16-01-2024",
    "transactionId": "8CW1Y27GN93",
    "transactionValue": "$15.68"
  },
  {
    "id": 346,
    "customerName": "Debee Eayrs",
    "transactionDate": "13-04-2023",
    "transactionId": "9XW2TK7YN16",
    "transactionValue": "$9.60"
  },
  {
    "id": 347,
    "customerName": "Parsifal Luckings",
    "transactionDate": "23-08-2023",
    "transactionId": "6D97YK7VA95",
    "transactionValue": "$93.94"
  },
  {
    "id": 348,
    "customerName": "Kevin Dyet",
    "transactionDate": "07-01-2024",
    "transactionId": "9XM0DA5QU49",
    "transactionValue": "$135.35"
  },
  {
    "id": 349,
    "customerName": "Elka Reford",
    "transactionDate": "29-08-2023",
    "transactionId": "3CE8FQ5UJ19",
    "transactionValue": "$95.87"
  },
  {
    "id": 350,
    "customerName": "Todd Bunclark",
    "transactionDate": "17-03-2023",
    "transactionId": "6E70U12MR68",
    "transactionValue": "$102.75"
  },
  {
    "id": 351,
    "customerName": "Daria Coyle",
    "transactionDate": "20-06-2023",
    "transactionId": "5UK9AJ1VU21",
    "transactionValue": "$29.51"
  },
  {
    "id": 352,
    "customerName": "Peadar Brindle",
    "transactionDate": "20-09-2023",
    "transactionId": "7R48MC9TF87",
    "transactionValue": "$73.29"
  },
  {
    "id": 353,
    "customerName": "Sarajane McKerton",
    "transactionDate": "12-11-2023",
    "transactionId": "6RU9VN4JK91",
    "transactionValue": "$102.98"
  },
  {
    "id": 354,
    "customerName": "Devonna Fessier",
    "transactionDate": "04-12-2023",
    "transactionId": "5X93FR4HU71",
    "transactionValue": "$77.76"
  },
  {
    "id": 355,
    "customerName": "Joelle Shillam",
    "transactionDate": "30-08-2023",
    "transactionId": "2JH5M66KX00",
    "transactionValue": "$56.79"
  },
  {
    "id": 356,
    "customerName": "Ree Bus",
    "transactionDate": "05-12-2023",
    "transactionId": "6HQ3VQ3CC87",
    "transactionValue": "$101.19"
  },
  {
    "id": 357,
    "customerName": "Claudetta De Souza",
    "transactionDate": "07-06-2023",
    "transactionId": "5PQ2CG3XY02",
    "transactionValue": "$127.89"
  },
  {
    "id": 358,
    "customerName": "Clary Bertot",
    "transactionDate": "15-05-2023",
    "transactionId": "8Q02G54EM44",
    "transactionValue": "$69.95"
  },
  {
    "id": 359,
    "customerName": "Gisella Kohrding",
    "transactionDate": "22-12-2023",
    "transactionId": "4Y08QC6PA34",
    "transactionValue": "$35.94"
  },
  {
    "id": 360,
    "customerName": "Lorne Dayce",
    "transactionDate": "11-04-2023",
    "transactionId": "9RY2RJ3FR93",
    "transactionValue": "$102.25"
  },
  {
    "id": 361,
    "customerName": "Madlin Oppery",
    "transactionDate": "27-07-2023",
    "transactionId": "8U72YD0DC84",
    "transactionValue": "$63.26"
  },
  {
    "id": 362,
    "customerName": "Spencer Masser",
    "transactionDate": "07-08-2023",
    "transactionId": "3AV9GP6JY33",
    "transactionValue": "$103.33"
  },
  {
    "id": 363,
    "customerName": "Renelle Garth",
    "transactionDate": "22-07-2023",
    "transactionId": "3QK2DP6RN83",
    "transactionValue": "$12.43"
  },
  {
    "id": 364,
    "customerName": "Filip Brandi",
    "transactionDate": "13-04-2023",
    "transactionId": "4GR5R12EH19",
    "transactionValue": "$15.68"
  },
  {
    "id": 365,
    "customerName": "Kalil Agiolfinger",
    "transactionDate": "11-08-2023",
    "transactionId": "2VV4EW3DV62",
    "transactionValue": "$79.42"
  },
  {
    "id": 366,
    "customerName": "Brittni Farenden",
    "transactionDate": "31-12-2023",
    "transactionId": "3M83MY3AN40",
    "transactionValue": "$105.89"
  },
  {
    "id": 367,
    "customerName": "Barbaraanne Sheber",
    "transactionDate": "30-09-2023",
    "transactionId": "5VY8XJ5GR27",
    "transactionValue": "$95.52"
  },
  {
    "id": 368,
    "customerName": "Clayborne Hartness",
    "transactionDate": "08-01-2024",
    "transactionId": "8HR8RT7DX68",
    "transactionValue": "$96.06"
  },
  {
    "id": 369,
    "customerName": "Raimondo Livesley",
    "transactionDate": "08-08-2023",
    "transactionId": "3C59DY2AR63",
    "transactionValue": "$95.31"
  },
  {
    "id": 370,
    "customerName": "Pietrek Seddon",
    "transactionDate": "30-12-2023",
    "transactionId": "7D59Y47MJ45",
    "transactionValue": "$14.47"
  },
  {
    "id": 371,
    "customerName": "Lou Mabson",
    "transactionDate": "17-08-2023",
    "transactionId": "2K64M40CW37",
    "transactionValue": "$96.65"
  },
  {
    "id": 372,
    "customerName": "Darda Paule",
    "transactionDate": "18-01-2024",
    "transactionId": "3K45EH5ET62",
    "transactionValue": "$56.56"
  },
  {
    "id": 373,
    "customerName": "Kathrine Guillot",
    "transactionDate": "28-02-2023",
    "transactionId": "7MM4JT2CX46",
    "transactionValue": "$28.04"
  },
  {
    "id": 374,
    "customerName": "Felizio Morphey",
    "transactionDate": "25-05-2023",
    "transactionId": "6YK4VH3YU23",
    "transactionValue": "$91.86"
  },
  {
    "id": 375,
    "customerName": "Minetta Mussalli",
    "transactionDate": "08-11-2023",
    "transactionId": "7EK3J75ET44",
    "transactionValue": "$51.08"
  },
  {
    "id": 376,
    "customerName": "Eve Kenna",
    "transactionDate": "07-05-2023",
    "transactionId": "2W94XA8GA10",
    "transactionValue": "$64.02"
  },
  {
    "id": 377,
    "customerName": "Cody Ovill",
    "transactionDate": "04-02-2023",
    "transactionId": "8N61HG6JF39",
    "transactionValue": "$122.11"
  },
  {
    "id": 378,
    "customerName": "Joanne McCague",
    "transactionDate": "30-01-2023",
    "transactionId": "7TE9U96VY42",
    "transactionValue": "$116.41"
  },
  {
    "id": 379,
    "customerName": "Donavon Galland",
    "transactionDate": "23-06-2023",
    "transactionId": "9XQ3RW9GA90",
    "transactionValue": "$127.17"
  },
  {
    "id": 380,
    "customerName": "Dody Robillard",
    "transactionDate": "16-10-2023",
    "transactionId": "2YT7CJ9NU43",
    "transactionValue": "$44.57"
  },
  {
    "id": 381,
    "customerName": "Lilly Cummine",
    "transactionDate": "16-05-2023",
    "transactionId": "9XW1EP2GX51",
    "transactionValue": "$129.13"
  },
  {
    "id": 382,
    "customerName": "Javier Gerrish",
    "transactionDate": "04-03-2023",
    "transactionId": "9NK1X82NA74",
    "transactionValue": "$18.67"
  },
  {
    "id": 383,
    "customerName": "Chet Kindred",
    "transactionDate": "02-01-2024",
    "transactionId": "5FR1UC0RC30",
    "transactionValue": "$51.91"
  },
  {
    "id": 384,
    "customerName": "Johnnie Boatwright",
    "transactionDate": "18-05-2023",
    "transactionId": "3GA7YG1XH54",
    "transactionValue": "$7.80"
  },
  {
    "id": 385,
    "customerName": "Antoni Twinborne",
    "transactionDate": "14-08-2023",
    "transactionId": "7E37VE4YN81",
    "transactionValue": "$139.60"
  },
  {
    "id": 386,
    "customerName": "Dal Madoc-Jones",
    "transactionDate": "31-05-2023",
    "transactionId": "9KD5R56QW22",
    "transactionValue": "$145.05"
  },
  {
    "id": 387,
    "customerName": "Joye Damarell",
    "transactionDate": "19-07-2023",
    "transactionId": "6D07PV7EH79",
    "transactionValue": "$45.06"
  },
  {
    "id": 388,
    "customerName": "Briney McCrea",
    "transactionDate": "30-10-2023",
    "transactionId": "2EY4P60EX09",
    "transactionValue": "$87.96"
  },
  {
    "id": 389,
    "customerName": "Genni Cross",
    "transactionDate": "25-03-2023",
    "transactionId": "8NJ7TD5DA23",
    "transactionValue": "$25.12"
  },
  {
    "id": 390,
    "customerName": "Shelton Fassmann",
    "transactionDate": "14-10-2023",
    "transactionId": "8XE8RY6FY32",
    "transactionValue": "$33.21"
  },
  {
    "id": 391,
    "customerName": "Barty Tremethack",
    "transactionDate": "24-07-2023",
    "transactionId": "4FT0W59PX53",
    "transactionValue": "$81.24"
  },
  {
    "id": 392,
    "customerName": "Pearl Laste",
    "transactionDate": "15-06-2023",
    "transactionId": "6WJ0CK4PT95",
    "transactionValue": "$68.46"
  },
  {
    "id": 393,
    "customerName": "Cesare Oager",
    "transactionDate": "24-08-2023",
    "transactionId": "2J23N06RP90",
    "transactionValue": "$121.66"
  },
  {
    "id": 394,
    "customerName": "Gabbie Constantine",
    "transactionDate": "13-11-2023",
    "transactionId": "3E98AT5RE18",
    "transactionValue": "$37.14"
  },
  {
    "id": 395,
    "customerName": "Bernete Robertson",
    "transactionDate": "30-04-2023",
    "transactionId": "8UY6NC6PY98",
    "transactionValue": "$59.91"
  },
  {
    "id": 396,
    "customerName": "Schuyler Truluck",
    "transactionDate": "30-09-2023",
    "transactionId": "6K21GY5XK12",
    "transactionValue": "$80.39"
  },
  {
    "id": 397,
    "customerName": "Norma Koch",
    "transactionDate": "07-03-2023",
    "transactionId": "2X44Y18FP27",
    "transactionValue": "$86.24"
  },
  {
    "id": 398,
    "customerName": "Marys Cannell",
    "transactionDate": "28-01-2024",
    "transactionId": "1WH3T59CW09",
    "transactionValue": "$50.12"
  },
  {
    "id": 399,
    "customerName": "Rockie Bromley",
    "transactionDate": "25-12-2023",
    "transactionId": "2WN3HF6MR63",
    "transactionValue": "$93.49"
  },
  {
    "id": 400,
    "customerName": "Philis Duigan",
    "transactionDate": "17-05-2023",
    "transactionId": "9T44QP5AH56",
    "transactionValue": "$17.67"
  },
  {
    "id": 401,
    "customerName": "Palmer Pim",
    "transactionDate": "16-07-2023",
    "transactionId": "1MM1AN9RU42",
    "transactionValue": "$47.96"
  },
  {
    "id": 402,
    "customerName": "Wenda Hutt",
    "transactionDate": "03-09-2023",
    "transactionId": "2Y75K50QP47",
    "transactionValue": "$94.57"
  },
  {
    "id": 403,
    "customerName": "Joshua Whickman",
    "transactionDate": "20-12-2023",
    "transactionId": "6U40YG9RY38",
    "transactionValue": "$51.49"
  },
  {
    "id": 404,
    "customerName": "Jerri Pargent",
    "transactionDate": "11-08-2023",
    "transactionId": "7KQ1AE3FX14",
    "transactionValue": "$90.76"
  },
  {
    "id": 405,
    "customerName": "Griff Alkins",
    "transactionDate": "17-07-2023",
    "transactionId": "9E35C01CH69",
    "transactionValue": "$41.06"
  },
  {
    "id": 406,
    "customerName": "Ludovico Fortoun",
    "transactionDate": "28-11-2023",
    "transactionId": "9XR2DJ6HM26",
    "transactionValue": "$61.27"
  },
  {
    "id": 407,
    "customerName": "Charlotte Ulyet",
    "transactionDate": "29-12-2023",
    "transactionId": "4D37XE7GT24",
    "transactionValue": "$65.29"
  },
  {
    "id": 408,
    "customerName": "Charyl Gullis",
    "transactionDate": "23-09-2023",
    "transactionId": "7NH5QJ8TU72",
    "transactionValue": "$32.05"
  },
  {
    "id": 409,
    "customerName": "Cammie Levesque",
    "transactionDate": "06-12-2023",
    "transactionId": "4TF1GK9JX36",
    "transactionValue": "$50.84"
  },
  {
    "id": 410,
    "customerName": "Natty Donnett",
    "transactionDate": "31-01-2023",
    "transactionId": "4K19WU5CH66",
    "transactionValue": "$51.69"
  },
  {
    "id": 411,
    "customerName": "Anselm Harbisher",
    "transactionDate": "11-11-2023",
    "transactionId": "8CJ6CR1KE79",
    "transactionValue": "$91.10"
  },
  {
    "id": 412,
    "customerName": "Car Forsaith",
    "transactionDate": "30-11-2023",
    "transactionId": "5EW5TC9VD82",
    "transactionValue": "$32.25"
  },
  {
    "id": 413,
    "customerName": "Kippar Bodycote",
    "transactionDate": "23-01-2024",
    "transactionId": "9GF0TU1JM37",
    "transactionValue": "$37.97"
  },
  {
    "id": 414,
    "customerName": "Rory Rottenbury",
    "transactionDate": "09-05-2023",
    "transactionId": "9JE0FU9UH08",
    "transactionValue": "$32.75"
  },
  {
    "id": 415,
    "customerName": "Cherilynn Sawtell",
    "transactionDate": "13-04-2023",
    "transactionId": "8U29RQ2EH87",
    "transactionValue": "$1.00"
  },
  {
    "id": 416,
    "customerName": "Carmelle Walford",
    "transactionDate": "09-04-2023",
    "transactionId": "6M81XX4GW51",
    "transactionValue": "$18.23"
  },
  {
    "id": 417,
    "customerName": "Aubrey Paradyce",
    "transactionDate": "17-03-2023",
    "transactionId": "4N30Q86UJ00",
    "transactionValue": "$18.77"
  },
  {
    "id": 418,
    "customerName": "Sonya Jerdon",
    "transactionDate": "19-02-2023",
    "transactionId": "7HP8X10HV29",
    "transactionValue": "$56.74"
  },
  {
    "id": 419,
    "customerName": "Marco Fierman",
    "transactionDate": "26-12-2023",
    "transactionId": "5UF5FD6DJ84",
    "transactionValue": "$68.03"
  },
  {
    "id": 420,
    "customerName": "Loretta Wickman",
    "transactionDate": "06-05-2023",
    "transactionId": "6GN5DA2XG54",
    "transactionValue": "$76.39"
  },
  {
    "id": 421,
    "customerName": "Gabriellia Alejandre",
    "transactionDate": "23-08-2023",
    "transactionId": "3F71GX3XT61",
    "transactionValue": "$58.61"
  },
  {
    "id": 422,
    "customerName": "Emanuele Kerin",
    "transactionDate": "21-01-2024",
    "transactionId": "2Q53XK5KH53",
    "transactionValue": "$55.85"
  },
  {
    "id": 423,
    "customerName": "Arvy Jurasek",
    "transactionDate": "26-12-2023",
    "transactionId": "6YV9KQ2EF24",
    "transactionValue": "$69.80"
  },
  {
    "id": 424,
    "customerName": "Michele Schreurs",
    "transactionDate": "17-11-2023",
    "transactionId": "6NT6VA3HN44",
    "transactionValue": "$139.36"
  },
  {
    "id": 425,
    "customerName": "Silva Songer",
    "transactionDate": "24-10-2023",
    "transactionId": "6D70N59FQ50",
    "transactionValue": "$9.76"
  },
  {
    "id": 426,
    "customerName": "Heall Hellikes",
    "transactionDate": "11-03-2023",
    "transactionId": "9YN7WE0DM47",
    "transactionValue": "$55.36"
  },
  {
    "id": 427,
    "customerName": "Clemmie Varrow",
    "transactionDate": "20-06-2023",
    "transactionId": "6RQ3RF6CU42",
    "transactionValue": "$49.89"
  },
  {
    "id": 428,
    "customerName": "Rose Flasby",
    "transactionDate": "06-01-2024",
    "transactionId": "3PY2UH5HA71",
    "transactionValue": "$99.30"
  },
  {
    "id": 429,
    "customerName": "Faina Goldes",
    "transactionDate": "02-08-2023",
    "transactionId": "9H60VA4FF34",
    "transactionValue": "$83.02"
  },
  {
    "id": 430,
    "customerName": "Eileen Yendle",
    "transactionDate": "12-05-2023",
    "transactionId": "2TH3Y00YX25",
    "transactionValue": "$79.33"
  },
  {
    "id": 431,
    "customerName": "Raoul Farndell",
    "transactionDate": "24-08-2023",
    "transactionId": "9NQ1JE1HH63",
    "transactionValue": "$23.12"
  },
  {
    "id": 432,
    "customerName": "Gerti Pardoe",
    "transactionDate": "08-06-2023",
    "transactionId": "7FQ8TQ2KD82",
    "transactionValue": "$67.13"
  },
  {
    "id": 433,
    "customerName": "Charmane Spenceley",
    "transactionDate": "17-09-2023",
    "transactionId": "1YM8N18ER14",
    "transactionValue": "$117.07"
  },
  {
    "id": 434,
    "customerName": "Finley Copins",
    "transactionDate": "04-10-2023",
    "transactionId": "2HW1XF2MN49",
    "transactionValue": "$67.73"
  },
  {
    "id": 435,
    "customerName": "Jerri McGauhy",
    "transactionDate": "12-04-2023",
    "transactionId": "8DK5DC9WT01",
    "transactionValue": "$42.51"
  },
  {
    "id": 436,
    "customerName": "Wandie Ville",
    "transactionDate": "03-12-2023",
    "transactionId": "8EP4Y83GW28",
    "transactionValue": "$32.52"
  },
  {
    "id": 437,
    "customerName": "Bran Le Franc",
    "transactionDate": "05-11-2023",
    "transactionId": "8X10A93YR44",
    "transactionValue": "$35.15"
  },
  {
    "id": 438,
    "customerName": "Raimundo Imlacke",
    "transactionDate": "01-11-2023",
    "transactionId": "4WD9YP5WM68",
    "transactionValue": "$45.40"
  },
  {
    "id": 439,
    "customerName": "Jordon Whinray",
    "transactionDate": "12-04-2023",
    "transactionId": "5GJ2NF0MW80",
    "transactionValue": "$83.63"
  },
  {
    "id": 440,
    "customerName": "Vinson Fludgate",
    "transactionDate": "08-04-2023",
    "transactionId": "8DA9F49FY05",
    "transactionValue": "$111.51"
  },
  {
    "id": 441,
    "customerName": "Gary Kunert",
    "transactionDate": "14-10-2023",
    "transactionId": "1Q34VW5PY74",
    "transactionValue": "$37.04"
  },
  {
    "id": 442,
    "customerName": "Lorelei Clynter",
    "transactionDate": "03-08-2023",
    "transactionId": "3J25Y30TM97",
    "transactionValue": "$115.03"
  },
  {
    "id": 443,
    "customerName": "Wilhelmine Skirrow",
    "transactionDate": "17-06-2023",
    "transactionId": "8GM5UC2CW84",
    "transactionValue": "$12.94"
  },
  {
    "id": 444,
    "customerName": "Gui Geffen",
    "transactionDate": "01-03-2023",
    "transactionId": "2A75P37UM13",
    "transactionValue": "$90.36"
  },
  {
    "id": 445,
    "customerName": "Rivy Orcott",
    "transactionDate": "23-02-2023",
    "transactionId": "5RV0CU4RH19",
    "transactionValue": "$37.82"
  },
  {
    "id": 446,
    "customerName": "Roanne Cowdray",
    "transactionDate": "14-01-2024",
    "transactionId": "5H36GH9KN15",
    "transactionValue": "$95.19"
  },
  {
    "id": 447,
    "customerName": "Corabelle Prate",
    "transactionDate": "13-06-2023",
    "transactionId": "5VF5X33KX71",
    "transactionValue": "$63.15"
  },
  {
    "id": 448,
    "customerName": "Jerri Shane",
    "transactionDate": "29-01-2024",
    "transactionId": "8FP1DE4FJ32",
    "transactionValue": "$16.78"
  },
  {
    "id": 449,
    "customerName": "Willette Truscott",
    "transactionDate": "24-08-2023",
    "transactionId": "1EQ8NT6GJ18",
    "transactionValue": "$92.42"
  },
  {
    "id": 450,
    "customerName": "Alida Thurstance",
    "transactionDate": "20-01-2024",
    "transactionId": "8R24J32ED23",
    "transactionValue": "$145.94"
  },
  {
    "id": 451,
    "customerName": "Joelie Manders",
    "transactionDate": "20-02-2023",
    "transactionId": "3RY4PH4JG54",
    "transactionValue": "$2.07"
  },
  {
    "id": 452,
    "customerName": "Miran Tesauro",
    "transactionDate": "26-12-2023",
    "transactionId": "8RF6EN9EW67",
    "transactionValue": "$110.43"
  },
  {
    "id": 453,
    "customerName": "Roarke Kissock",
    "transactionDate": "05-06-2023",
    "transactionId": "8A18J35FE51",
    "transactionValue": "$62.79"
  },
  {
    "id": 454,
    "customerName": "Reina Mattussevich",
    "transactionDate": "13-04-2023",
    "transactionId": "3CN6NQ4UN56",
    "transactionValue": "$47.05"
  },
  {
    "id": 455,
    "customerName": "Jilleen Murtagh",
    "transactionDate": "16-04-2023",
    "transactionId": "8JU8RF4WE25",
    "transactionValue": "$25.06"
  },
  {
    "id": 456,
    "customerName": "Shea Giggie",
    "transactionDate": "05-04-2023",
    "transactionId": "2DP4RW7ME74",
    "transactionValue": "$115.23"
  },
  {
    "id": 457,
    "customerName": "Maria Fausch",
    "transactionDate": "13-03-2023",
    "transactionId": "8K83XP7TA77",
    "transactionValue": "$57.82"
  },
  {
    "id": 458,
    "customerName": "Judas Willbraham",
    "transactionDate": "01-05-2023",
    "transactionId": "7F60GX5HX16",
    "transactionValue": "$124.90"
  },
  {
    "id": 459,
    "customerName": "Jewell Camings",
    "transactionDate": "25-02-2023",
    "transactionId": "1H11PN7TN78",
    "transactionValue": "$108.61"
  },
  {
    "id": 460,
    "customerName": "Averell Strowger",
    "transactionDate": "21-08-2023",
    "transactionId": "2T43EK7MN45",
    "transactionValue": "$132.59"
  },
  {
    "id": 461,
    "customerName": "Gaby Hearne",
    "transactionDate": "30-01-2023",
    "transactionId": "1U88G23UQ39",
    "transactionValue": "$75.79"
  },
  {
    "id": 462,
    "customerName": "Perrine Jepps",
    "transactionDate": "02-02-2023",
    "transactionId": "4D11X20VR09",
    "transactionValue": "$70.19"
  },
  {
    "id": 463,
    "customerName": "Daisie Rowlett",
    "transactionDate": "10-09-2023",
    "transactionId": "7FJ0JE2JC14",
    "transactionValue": "$127.69"
  },
  {
    "id": 464,
    "customerName": "Laurella Reilinger",
    "transactionDate": "12-03-2023",
    "transactionId": "7M26WF6AJ52",
    "transactionValue": "$29.65"
  },
  {
    "id": 465,
    "customerName": "Farlee Stroyan",
    "transactionDate": "25-07-2023",
    "transactionId": "7GD7NT0UG70",
    "transactionValue": "$124.25"
  },
  {
    "id": 466,
    "customerName": "Camille Stowell",
    "transactionDate": "03-10-2023",
    "transactionId": "2PF8G64EK81",
    "transactionValue": "$106.14"
  },
  {
    "id": 467,
    "customerName": "Gertruda Duckfield",
    "transactionDate": "11-01-2024",
    "transactionId": "4N00FX4RH80",
    "transactionValue": "$55.75"
  },
  {
    "id": 468,
    "customerName": "Juliana Fosher",
    "transactionDate": "13-03-2023",
    "transactionId": "6R19A68CC11",
    "transactionValue": "$137.19"
  },
  {
    "id": 469,
    "customerName": "Aurel Paynton",
    "transactionDate": "16-03-2023",
    "transactionId": "8Y44GW4UR91",
    "transactionValue": "$89.72"
  },
  {
    "id": 470,
    "customerName": "Deedee Furney",
    "transactionDate": "04-12-2023",
    "transactionId": "3MY9CR9KM87",
    "transactionValue": "$39.17"
  },
  {
    "id": 471,
    "customerName": "Minnnie Richfield",
    "transactionDate": "16-11-2023",
    "transactionId": "2E01EJ0HD03",
    "transactionValue": "$130.80"
  },
  {
    "id": 472,
    "customerName": "Mariellen Harrold",
    "transactionDate": "23-10-2023",
    "transactionId": "5D57YR5MK07",
    "transactionValue": "$65.72"
  },
  {
    "id": 473,
    "customerName": "Genvieve MacSkeaghan",
    "transactionDate": "16-10-2023",
    "transactionId": "8Y92WP1VV57",
    "transactionValue": "$11.54"
  },
  {
    "id": 474,
    "customerName": "Dyana Jiggen",
    "transactionDate": "29-03-2023",
    "transactionId": "4UG0V34VF66",
    "transactionValue": "$46.79"
  },
  {
    "id": 475,
    "customerName": "Brocky Strelitzki",
    "transactionDate": "20-10-2023",
    "transactionId": "5MW7G58UU31",
    "transactionValue": "$115.75"
  },
  {
    "id": 476,
    "customerName": "Halie Jurasek",
    "transactionDate": "02-08-2023",
    "transactionId": "6V56NR6MG58",
    "transactionValue": "$57.50"
  },
  {
    "id": 477,
    "customerName": "Isidora Arlet",
    "transactionDate": "20-09-2023",
    "transactionId": "5AQ9E47AG79",
    "transactionValue": "$43.03"
  },
  {
    "id": 478,
    "customerName": "Allison Hullbrook",
    "transactionDate": "04-11-2023",
    "transactionId": "6E36DC6AG68",
    "transactionValue": "$122.52"
  },
  {
    "id": 479,
    "customerName": "Hali Ubsdall",
    "transactionDate": "12-04-2023",
    "transactionId": "7HP9U00FT92",
    "transactionValue": "$110.17"
  },
  {
    "id": 480,
    "customerName": "Audra Briggdale",
    "transactionDate": "19-11-2023",
    "transactionId": "1WF2WK9HA64",
    "transactionValue": "$92.11"
  },
  {
    "id": 481,
    "customerName": "Hannah Cottem",
    "transactionDate": "08-11-2023",
    "transactionId": "6X87VF3XW17",
    "transactionValue": "$66.96"
  },
  {
    "id": 482,
    "customerName": "Doroteya McLardie",
    "transactionDate": "06-09-2023",
    "transactionId": "9W60U25CU86",
    "transactionValue": "$147.61"
  },
  {
    "id": 483,
    "customerName": "Pippa Tallach",
    "transactionDate": "28-12-2023",
    "transactionId": "6G82YJ4VJ39",
    "transactionValue": "$59.15"
  },
  {
    "id": 484,
    "customerName": "Whittaker Fivey",
    "transactionDate": "28-11-2023",
    "transactionId": "9GH0NW9JN68",
    "transactionValue": "$80.00"
  },
  {
    "id": 485,
    "customerName": "Claudian Rospars",
    "transactionDate": "03-06-2023",
    "transactionId": "3WY8WT3FY20",
    "transactionValue": "$52.89"
  },
  {
    "id": 486,
    "customerName": "Dolores Rounce",
    "transactionDate": "02-04-2023",
    "transactionId": "9P24GW3VQ28",
    "transactionValue": "$64.16"
  },
  {
    "id": 487,
    "customerName": "Mata Kiff",
    "transactionDate": "05-10-2023",
    "transactionId": "8C50UN1KU91",
    "transactionValue": "$42.01"
  },
  {
    "id": 488,
    "customerName": "Veda Uzzell",
    "transactionDate": "10-07-2023",
    "transactionId": "1TW6J38TG03",
    "transactionValue": "$104.02"
  },
  {
    "id": 489,
    "customerName": "Abby Ivakhno",
    "transactionDate": "27-12-2023",
    "transactionId": "4P09QG3JX60",
    "transactionValue": "$112.34"
  },
  {
    "id": 490,
    "customerName": "Barbe Byne",
    "transactionDate": "19-05-2023",
    "transactionId": "7U83YA8QU51",
    "transactionValue": "$123.80"
  },
  {
    "id": 491,
    "customerName": "Clevey Smallcomb",
    "transactionDate": "21-01-2024",
    "transactionId": "1MP2GM4QE61",
    "transactionValue": "$1.56"
  },
  {
    "id": 492,
    "customerName": "Danyelle Masding",
    "transactionDate": "24-05-2023",
    "transactionId": "4N89H76DM04",
    "transactionValue": "$143.23"
  },
  {
    "id": 493,
    "customerName": "Georgianna Wakeling",
    "transactionDate": "31-03-2023",
    "transactionId": "1V54U69AJ10",
    "transactionValue": "$74.65"
  },
  {
    "id": 494,
    "customerName": "Sarene Rodgers",
    "transactionDate": "29-06-2023",
    "transactionId": "7GX0A28XY75",
    "transactionValue": "$87.02"
  },
  {
    "id": 495,
    "customerName": "Malory Magrane",
    "transactionDate": "27-11-2023",
    "transactionId": "6MY6T55WQ12",
    "transactionValue": "$132.45"
  },
  {
    "id": 496,
    "customerName": "Chauncey Wagnerin",
    "transactionDate": "22-05-2023",
    "transactionId": "6QE8Q44MA16",
    "transactionValue": "$107.39"
  },
  {
    "id": 497,
    "customerName": "Garald Brandli",
    "transactionDate": "10-12-2023",
    "transactionId": "5TJ2Q58AQ68",
    "transactionValue": "$91.38"
  },
  {
    "id": 498,
    "customerName": "Davin Hurdle",
    "transactionDate": "04-05-2023",
    "transactionId": "6PF3ND7HG00",
    "transactionValue": "$87.63"
  },
  {
    "id": 499,
    "customerName": "Annissa Bracco",
    "transactionDate": "04-06-2023",
    "transactionId": "8ND9YH7NX25",
    "transactionValue": "$85.86"
  },
  {
    "id": 500,
    "customerName": "Aurelia Seedman",
    "transactionDate": "16-11-2023",
    "transactionId": "7XD8RU0QT67",
    "transactionValue": "$148.51"
  }
]